{
  "version": "model_v002_run1769094265745509",
  "rmse": 156466.1149480173,
  "r2": 0.8380594156239445
}