{
  "version": "model_v006",
  "rmse": 156466.1149480173,
  "r2": 0.8380594156239445
}