{
  "version": "model_v001_run1769002677628449",
  "rmse": 156466.11494801732,
  "r2": 0.8380594156239444
}