{"current_rmse": 156466.1149480173, "baseline_rmse": 156466.1149480173, "rmse_diff": 0.0, "passed_gate": true, "model_version": "model_v004"}