{"rmse": 156466.1149480173, "mae": 79874.49382189297, "model_version": "model_v003"}