{
  "rmse": 156466.11494801732,
  "mae": 79874.49382189297,
  "r2": 0.8380594156239444,
  "model_version": "model_v002"
}