{
    "rmse": 156466.1149480173,
    "mae": 79874.49382189297,
    "r2": 0.8380594156239444,
    "model_version": "model_v005"
}